Pokemon,Pokeball,Catch result
jolteon,pokeball,False
jolteon,pokeball,False
jolteon,pokeball,False
jolteon,pokeball,False
jolteon,pokeball,False
jolteon,pokeball,False
jolteon,pokeball,False
jolteon,pokeball,False
jolteon,pokeball,False
jolteon,pokeball,False
jolteon,pokeball,False
jolteon,pokeball,False
jolteon,pokeball,False
jolteon,pokeball,False
jolteon,pokeball,False
jolteon,pokeball,False
jolteon,pokeball,False
jolteon,pokeball,False
jolteon,pokeball,False
jolteon,pokeball,False
jolteon,pokeball,False
jolteon,pokeball,False
jolteon,pokeball,False
jolteon,pokeball,False
jolteon,pokeball,False
jolteon,pokeball,False
jolteon,pokeball,False
jolteon,pokeball,False
jolteon,pokeball,False
jolteon,pokeball,False
jolteon,pokeball,False
jolteon,pokeball,False
jolteon,pokeball,False
jolteon,pokeball,False
jolteon,pokeball,False
jolteon,pokeball,False
jolteon,pokeball,False
jolteon,pokeball,False
jolteon,pokeball,False
jolteon,pokeball,True
jolteon,pokeball,False
jolteon,pokeball,False
jolteon,pokeball,False
jolteon,pokeball,True
jolteon,pokeball,False
jolteon,pokeball,False
jolteon,pokeball,False
jolteon,pokeball,False
jolteon,pokeball,False
jolteon,pokeball,False
jolteon,pokeball,False
jolteon,pokeball,False
jolteon,pokeball,False
jolteon,pokeball,False
jolteon,pokeball,False
jolteon,pokeball,False
jolteon,pokeball,True
jolteon,pokeball,True
jolteon,pokeball,False
jolteon,pokeball,False
jolteon,pokeball,True
jolteon,pokeball,False
jolteon,pokeball,False
jolteon,pokeball,False
jolteon,pokeball,False
jolteon,pokeball,False
jolteon,pokeball,False
jolteon,pokeball,False
jolteon,pokeball,False
jolteon,pokeball,False
jolteon,pokeball,False
jolteon,pokeball,False
jolteon,pokeball,False
jolteon,pokeball,False
jolteon,pokeball,False
jolteon,pokeball,False
jolteon,pokeball,False
jolteon,pokeball,False
jolteon,pokeball,False
jolteon,pokeball,False
jolteon,pokeball,False
jolteon,pokeball,False
jolteon,pokeball,True
jolteon,pokeball,False
jolteon,pokeball,False
jolteon,pokeball,False
jolteon,pokeball,False
jolteon,pokeball,False
jolteon,pokeball,False
jolteon,pokeball,False
jolteon,pokeball,False
jolteon,pokeball,False
jolteon,pokeball,False
jolteon,pokeball,True
jolteon,pokeball,False
jolteon,pokeball,False
jolteon,pokeball,False
jolteon,pokeball,False
jolteon,pokeball,False
jolteon,pokeball,False
jolteon,ultraball,False
jolteon,ultraball,False
jolteon,ultraball,True
jolteon,ultraball,False
jolteon,ultraball,False
jolteon,ultraball,False
jolteon,ultraball,False
jolteon,ultraball,False
jolteon,ultraball,False
jolteon,ultraball,False
jolteon,ultraball,True
jolteon,ultraball,False
jolteon,ultraball,True
jolteon,ultraball,False
jolteon,ultraball,False
jolteon,ultraball,False
jolteon,ultraball,False
jolteon,ultraball,False
jolteon,ultraball,False
jolteon,ultraball,False
jolteon,ultraball,False
jolteon,ultraball,False
jolteon,ultraball,False
jolteon,ultraball,False
jolteon,ultraball,False
jolteon,ultraball,False
jolteon,ultraball,True
jolteon,ultraball,False
jolteon,ultraball,False
jolteon,ultraball,True
jolteon,ultraball,False
jolteon,ultraball,False
jolteon,ultraball,False
jolteon,ultraball,False
jolteon,ultraball,True
jolteon,ultraball,False
jolteon,ultraball,False
jolteon,ultraball,True
jolteon,ultraball,False
jolteon,ultraball,False
jolteon,ultraball,False
jolteon,ultraball,False
jolteon,ultraball,False
jolteon,ultraball,False
jolteon,ultraball,False
jolteon,ultraball,False
jolteon,ultraball,False
jolteon,ultraball,False
jolteon,ultraball,False
jolteon,ultraball,False
jolteon,ultraball,True
jolteon,ultraball,False
jolteon,ultraball,True
jolteon,ultraball,False
jolteon,ultraball,False
jolteon,ultraball,False
jolteon,ultraball,False
jolteon,ultraball,True
jolteon,ultraball,False
jolteon,ultraball,False
jolteon,ultraball,False
jolteon,ultraball,False
jolteon,ultraball,False
jolteon,ultraball,False
jolteon,ultraball,False
jolteon,ultraball,False
jolteon,ultraball,False
jolteon,ultraball,False
jolteon,ultraball,False
jolteon,ultraball,False
jolteon,ultraball,False
jolteon,ultraball,False
jolteon,ultraball,False
jolteon,ultraball,False
jolteon,ultraball,True
jolteon,ultraball,False
jolteon,ultraball,False
jolteon,ultraball,False
jolteon,ultraball,False
jolteon,ultraball,False
jolteon,ultraball,False
jolteon,ultraball,False
jolteon,ultraball,False
jolteon,ultraball,False
jolteon,ultraball,False
jolteon,ultraball,False
jolteon,ultraball,False
jolteon,ultraball,False
jolteon,ultraball,False
jolteon,ultraball,True
jolteon,ultraball,False
jolteon,ultraball,False
jolteon,ultraball,False
jolteon,ultraball,True
jolteon,ultraball,False
jolteon,ultraball,False
jolteon,ultraball,False
jolteon,ultraball,False
jolteon,ultraball,False
jolteon,ultraball,False
jolteon,fastball,False
jolteon,fastball,False
jolteon,fastball,False
jolteon,fastball,False
jolteon,fastball,False
jolteon,fastball,True
jolteon,fastball,True
jolteon,fastball,False
jolteon,fastball,False
jolteon,fastball,False
jolteon,fastball,False
jolteon,fastball,True
jolteon,fastball,True
jolteon,fastball,False
jolteon,fastball,True
jolteon,fastball,False
jolteon,fastball,False
jolteon,fastball,False
jolteon,fastball,False
jolteon,fastball,False
jolteon,fastball,False
jolteon,fastball,True
jolteon,fastball,False
jolteon,fastball,False
jolteon,fastball,False
jolteon,fastball,False
jolteon,fastball,False
jolteon,fastball,False
jolteon,fastball,False
jolteon,fastball,False
jolteon,fastball,False
jolteon,fastball,False
jolteon,fastball,False
jolteon,fastball,False
jolteon,fastball,False
jolteon,fastball,False
jolteon,fastball,False
jolteon,fastball,False
jolteon,fastball,False
jolteon,fastball,False
jolteon,fastball,False
jolteon,fastball,True
jolteon,fastball,False
jolteon,fastball,False
jolteon,fastball,False
jolteon,fastball,False
jolteon,fastball,False
jolteon,fastball,False
jolteon,fastball,False
jolteon,fastball,False
jolteon,fastball,True
jolteon,fastball,False
jolteon,fastball,False
jolteon,fastball,False
jolteon,fastball,False
jolteon,fastball,False
jolteon,fastball,True
jolteon,fastball,False
jolteon,fastball,False
jolteon,fastball,False
jolteon,fastball,False
jolteon,fastball,False
jolteon,fastball,False
jolteon,fastball,False
jolteon,fastball,False
jolteon,fastball,False
jolteon,fastball,False
jolteon,fastball,False
jolteon,fastball,False
jolteon,fastball,True
jolteon,fastball,True
jolteon,fastball,True
jolteon,fastball,False
jolteon,fastball,False
jolteon,fastball,True
jolteon,fastball,True
jolteon,fastball,False
jolteon,fastball,False
jolteon,fastball,False
jolteon,fastball,False
jolteon,fastball,False
jolteon,fastball,False
jolteon,fastball,False
jolteon,fastball,False
jolteon,fastball,False
jolteon,fastball,True
jolteon,fastball,False
jolteon,fastball,False
jolteon,fastball,True
jolteon,fastball,False
jolteon,fastball,False
jolteon,fastball,False
jolteon,fastball,False
jolteon,fastball,True
jolteon,fastball,True
jolteon,fastball,False
jolteon,fastball,False
jolteon,fastball,False
jolteon,fastball,False
jolteon,fastball,False
jolteon,heavyball,False
jolteon,heavyball,False
jolteon,heavyball,False
jolteon,heavyball,False
jolteon,heavyball,False
jolteon,heavyball,False
jolteon,heavyball,False
jolteon,heavyball,False
jolteon,heavyball,False
jolteon,heavyball,False
jolteon,heavyball,False
jolteon,heavyball,False
jolteon,heavyball,False
jolteon,heavyball,False
jolteon,heavyball,False
jolteon,heavyball,False
jolteon,heavyball,True
jolteon,heavyball,False
jolteon,heavyball,False
jolteon,heavyball,False
jolteon,heavyball,False
jolteon,heavyball,False
jolteon,heavyball,False
jolteon,heavyball,False
jolteon,heavyball,False
jolteon,heavyball,False
jolteon,heavyball,False
jolteon,heavyball,False
jolteon,heavyball,False
jolteon,heavyball,False
jolteon,heavyball,False
jolteon,heavyball,False
jolteon,heavyball,False
jolteon,heavyball,False
jolteon,heavyball,False
jolteon,heavyball,False
jolteon,heavyball,False
jolteon,heavyball,False
jolteon,heavyball,False
jolteon,heavyball,False
jolteon,heavyball,False
jolteon,heavyball,False
jolteon,heavyball,False
jolteon,heavyball,False
jolteon,heavyball,False
jolteon,heavyball,False
jolteon,heavyball,False
jolteon,heavyball,False
jolteon,heavyball,False
jolteon,heavyball,False
jolteon,heavyball,False
jolteon,heavyball,False
jolteon,heavyball,False
jolteon,heavyball,True
jolteon,heavyball,False
jolteon,heavyball,False
jolteon,heavyball,False
jolteon,heavyball,False
jolteon,heavyball,False
jolteon,heavyball,False
jolteon,heavyball,False
jolteon,heavyball,False
jolteon,heavyball,False
jolteon,heavyball,False
jolteon,heavyball,False
jolteon,heavyball,False
jolteon,heavyball,False
jolteon,heavyball,False
jolteon,heavyball,False
jolteon,heavyball,False
jolteon,heavyball,False
jolteon,heavyball,False
jolteon,heavyball,False
jolteon,heavyball,False
jolteon,heavyball,False
jolteon,heavyball,False
jolteon,heavyball,False
jolteon,heavyball,False
jolteon,heavyball,False
jolteon,heavyball,False
jolteon,heavyball,False
jolteon,heavyball,False
jolteon,heavyball,False
jolteon,heavyball,False
jolteon,heavyball,False
jolteon,heavyball,False
jolteon,heavyball,False
jolteon,heavyball,False
jolteon,heavyball,False
jolteon,heavyball,False
jolteon,heavyball,False
jolteon,heavyball,False
jolteon,heavyball,False
jolteon,heavyball,False
jolteon,heavyball,False
jolteon,heavyball,False
jolteon,heavyball,False
jolteon,heavyball,False
jolteon,heavyball,False
jolteon,heavyball,False
caterpie,pokeball,False
caterpie,pokeball,True
caterpie,pokeball,False
caterpie,pokeball,False
caterpie,pokeball,True
caterpie,pokeball,False
caterpie,pokeball,False
caterpie,pokeball,False
caterpie,pokeball,True
caterpie,pokeball,False
caterpie,pokeball,False
caterpie,pokeball,False
caterpie,pokeball,False
caterpie,pokeball,False
caterpie,pokeball,True
caterpie,pokeball,True
caterpie,pokeball,True
caterpie,pokeball,False
caterpie,pokeball,False
caterpie,pokeball,False
caterpie,pokeball,True
caterpie,pokeball,False
caterpie,pokeball,False
caterpie,pokeball,False
caterpie,pokeball,True
caterpie,pokeball,False
caterpie,pokeball,True
caterpie,pokeball,True
caterpie,pokeball,False
caterpie,pokeball,False
caterpie,pokeball,False
caterpie,pokeball,False
caterpie,pokeball,False
caterpie,pokeball,False
caterpie,pokeball,True
caterpie,pokeball,True
caterpie,pokeball,False
caterpie,pokeball,True
caterpie,pokeball,True
caterpie,pokeball,False
caterpie,pokeball,False
caterpie,pokeball,True
caterpie,pokeball,True
caterpie,pokeball,False
caterpie,pokeball,True
caterpie,pokeball,False
caterpie,pokeball,False
caterpie,pokeball,True
caterpie,pokeball,False
caterpie,pokeball,False
caterpie,pokeball,True
caterpie,pokeball,False
caterpie,pokeball,False
caterpie,pokeball,False
caterpie,pokeball,False
caterpie,pokeball,False
caterpie,pokeball,True
caterpie,pokeball,False
caterpie,pokeball,False
caterpie,pokeball,False
caterpie,pokeball,False
caterpie,pokeball,False
caterpie,pokeball,False
caterpie,pokeball,False
caterpie,pokeball,False
caterpie,pokeball,True
caterpie,pokeball,True
caterpie,pokeball,False
caterpie,pokeball,False
caterpie,pokeball,True
caterpie,pokeball,True
caterpie,pokeball,True
caterpie,pokeball,False
caterpie,pokeball,True
caterpie,pokeball,False
caterpie,pokeball,False
caterpie,pokeball,False
caterpie,pokeball,True
caterpie,pokeball,False
caterpie,pokeball,True
caterpie,pokeball,True
caterpie,pokeball,True
caterpie,pokeball,True
caterpie,pokeball,False
caterpie,pokeball,True
caterpie,pokeball,False
caterpie,pokeball,False
caterpie,pokeball,False
caterpie,pokeball,False
caterpie,pokeball,False
caterpie,pokeball,True
caterpie,pokeball,False
caterpie,pokeball,False
caterpie,pokeball,False
caterpie,pokeball,True
caterpie,pokeball,True
caterpie,pokeball,True
caterpie,pokeball,True
caterpie,pokeball,False
caterpie,pokeball,False
caterpie,ultraball,True
caterpie,ultraball,True
caterpie,ultraball,True
caterpie,ultraball,True
caterpie,ultraball,True
caterpie,ultraball,True
caterpie,ultraball,True
caterpie,ultraball,True
caterpie,ultraball,True
caterpie,ultraball,True
caterpie,ultraball,False
caterpie,ultraball,False
caterpie,ultraball,True
caterpie,ultraball,False
caterpie,ultraball,False
caterpie,ultraball,True
caterpie,ultraball,False
caterpie,ultraball,True
caterpie,ultraball,True
caterpie,ultraball,True
caterpie,ultraball,True
caterpie,ultraball,True
caterpie,ultraball,False
caterpie,ultraball,True
caterpie,ultraball,False
caterpie,ultraball,True
caterpie,ultraball,True
caterpie,ultraball,True
caterpie,ultraball,False
caterpie,ultraball,False
caterpie,ultraball,False
caterpie,ultraball,False
caterpie,ultraball,True
caterpie,ultraball,False
caterpie,ultraball,False
caterpie,ultraball,True
caterpie,ultraball,True
caterpie,ultraball,True
caterpie,ultraball,False
caterpie,ultraball,False
caterpie,ultraball,False
caterpie,ultraball,True
caterpie,ultraball,False
caterpie,ultraball,True
caterpie,ultraball,True
caterpie,ultraball,True
caterpie,ultraball,True
caterpie,ultraball,True
caterpie,ultraball,True
caterpie,ultraball,False
caterpie,ultraball,False
caterpie,ultraball,False
caterpie,ultraball,True
caterpie,ultraball,True
caterpie,ultraball,True
caterpie,ultraball,False
caterpie,ultraball,True
caterpie,ultraball,False
caterpie,ultraball,True
caterpie,ultraball,True
caterpie,ultraball,True
caterpie,ultraball,True
caterpie,ultraball,True
caterpie,ultraball,True
caterpie,ultraball,True
caterpie,ultraball,False
caterpie,ultraball,True
caterpie,ultraball,True
caterpie,ultraball,True
caterpie,ultraball,False
caterpie,ultraball,True
caterpie,ultraball,True
caterpie,ultraball,True
caterpie,ultraball,True
caterpie,ultraball,False
caterpie,ultraball,True
caterpie,ultraball,True
caterpie,ultraball,True
caterpie,ultraball,True
caterpie,ultraball,True
caterpie,ultraball,True
caterpie,ultraball,False
caterpie,ultraball,True
caterpie,ultraball,True
caterpie,ultraball,False
caterpie,ultraball,True
caterpie,ultraball,True
caterpie,ultraball,True
caterpie,ultraball,True
caterpie,ultraball,True
caterpie,ultraball,True
caterpie,ultraball,True
caterpie,ultraball,True
caterpie,ultraball,True
caterpie,ultraball,True
caterpie,ultraball,False
caterpie,ultraball,True
caterpie,ultraball,True
caterpie,ultraball,True
caterpie,ultraball,True
caterpie,fastball,True
caterpie,fastball,True
caterpie,fastball,False
caterpie,fastball,True
caterpie,fastball,True
caterpie,fastball,False
caterpie,fastball,False
caterpie,fastball,True
caterpie,fastball,False
caterpie,fastball,False
caterpie,fastball,True
caterpie,fastball,False
caterpie,fastball,False
caterpie,fastball,False
caterpie,fastball,False
caterpie,fastball,False
caterpie,fastball,True
caterpie,fastball,False
caterpie,fastball,True
caterpie,fastball,True
caterpie,fastball,False
caterpie,fastball,True
caterpie,fastball,False
caterpie,fastball,False
caterpie,fastball,False
caterpie,fastball,False
caterpie,fastball,False
caterpie,fastball,True
caterpie,fastball,False
caterpie,fastball,True
caterpie,fastball,False
caterpie,fastball,False
caterpie,fastball,False
caterpie,fastball,False
caterpie,fastball,False
caterpie,fastball,False
caterpie,fastball,False
caterpie,fastball,False
caterpie,fastball,False
caterpie,fastball,False
caterpie,fastball,False
caterpie,fastball,True
caterpie,fastball,True
caterpie,fastball,True
caterpie,fastball,False
caterpie,fastball,False
caterpie,fastball,False
caterpie,fastball,True
caterpie,fastball,True
caterpie,fastball,False
caterpie,fastball,False
caterpie,fastball,False
caterpie,fastball,True
caterpie,fastball,False
caterpie,fastball,False
caterpie,fastball,False
caterpie,fastball,False
caterpie,fastball,True
caterpie,fastball,True
caterpie,fastball,False
caterpie,fastball,True
caterpie,fastball,False
caterpie,fastball,True
caterpie,fastball,True
caterpie,fastball,False
caterpie,fastball,False
caterpie,fastball,False
caterpie,fastball,True
caterpie,fastball,False
caterpie,fastball,False
caterpie,fastball,False
caterpie,fastball,False
caterpie,fastball,True
caterpie,fastball,False
caterpie,fastball,True
caterpie,fastball,False
caterpie,fastball,False
caterpie,fastball,False
caterpie,fastball,False
caterpie,fastball,False
caterpie,fastball,True
caterpie,fastball,False
caterpie,fastball,False
caterpie,fastball,False
caterpie,fastball,True
caterpie,fastball,True
caterpie,fastball,False
caterpie,fastball,False
caterpie,fastball,False
caterpie,fastball,True
caterpie,fastball,False
caterpie,fastball,True
caterpie,fastball,False
caterpie,fastball,True
caterpie,fastball,True
caterpie,fastball,True
caterpie,fastball,True
caterpie,fastball,False
caterpie,fastball,True
caterpie,fastball,False
caterpie,heavyball,True
caterpie,heavyball,False
caterpie,heavyball,True
caterpie,heavyball,False
caterpie,heavyball,True
caterpie,heavyball,False
caterpie,heavyball,False
caterpie,heavyball,True
caterpie,heavyball,False
caterpie,heavyball,False
caterpie,heavyball,False
caterpie,heavyball,False
caterpie,heavyball,True
caterpie,heavyball,False
caterpie,heavyball,False
caterpie,heavyball,False
caterpie,heavyball,True
caterpie,heavyball,False
caterpie,heavyball,False
caterpie,heavyball,False
caterpie,heavyball,False
caterpie,heavyball,False
caterpie,heavyball,False
caterpie,heavyball,False
caterpie,heavyball,False
caterpie,heavyball,False
caterpie,heavyball,False
caterpie,heavyball,False
caterpie,heavyball,False
caterpie,heavyball,False
caterpie,heavyball,False
caterpie,heavyball,True
caterpie,heavyball,False
caterpie,heavyball,False
caterpie,heavyball,True
caterpie,heavyball,False
caterpie,heavyball,True
caterpie,heavyball,True
caterpie,heavyball,False
caterpie,heavyball,False
caterpie,heavyball,False
caterpie,heavyball,False
caterpie,heavyball,False
caterpie,heavyball,True
caterpie,heavyball,True
caterpie,heavyball,False
caterpie,heavyball,True
caterpie,heavyball,False
caterpie,heavyball,True
caterpie,heavyball,False
caterpie,heavyball,False
caterpie,heavyball,False
caterpie,heavyball,False
caterpie,heavyball,True
caterpie,heavyball,False
caterpie,heavyball,False
caterpie,heavyball,True
caterpie,heavyball,False
caterpie,heavyball,False
caterpie,heavyball,False
caterpie,heavyball,False
caterpie,heavyball,False
caterpie,heavyball,False
caterpie,heavyball,False
caterpie,heavyball,True
caterpie,heavyball,True
caterpie,heavyball,False
caterpie,heavyball,False
caterpie,heavyball,False
caterpie,heavyball,False
caterpie,heavyball,False
caterpie,heavyball,True
caterpie,heavyball,False
caterpie,heavyball,False
caterpie,heavyball,False
caterpie,heavyball,True
caterpie,heavyball,False
caterpie,heavyball,False
caterpie,heavyball,True
caterpie,heavyball,True
caterpie,heavyball,True
caterpie,heavyball,True
caterpie,heavyball,False
caterpie,heavyball,False
caterpie,heavyball,True
caterpie,heavyball,False
caterpie,heavyball,True
caterpie,heavyball,False
caterpie,heavyball,True
caterpie,heavyball,False
caterpie,heavyball,False
caterpie,heavyball,False
caterpie,heavyball,True
caterpie,heavyball,False
caterpie,heavyball,False
caterpie,heavyball,False
caterpie,heavyball,False
caterpie,heavyball,False
caterpie,heavyball,False
caterpie,heavyball,False
snorlax,pokeball,False
snorlax,pokeball,False
snorlax,pokeball,False
snorlax,pokeball,False
snorlax,pokeball,False
snorlax,pokeball,False
snorlax,pokeball,False
snorlax,pokeball,False
snorlax,pokeball,False
snorlax,pokeball,False
snorlax,pokeball,False
snorlax,pokeball,False
snorlax,pokeball,False
snorlax,pokeball,False
snorlax,pokeball,False
snorlax,pokeball,False
snorlax,pokeball,False
snorlax,pokeball,False
snorlax,pokeball,False
snorlax,pokeball,False
snorlax,pokeball,False
snorlax,pokeball,False
snorlax,pokeball,False
snorlax,pokeball,False
snorlax,pokeball,False
snorlax,pokeball,False
snorlax,pokeball,False
snorlax,pokeball,False
snorlax,pokeball,False
snorlax,pokeball,False
snorlax,pokeball,False
snorlax,pokeball,False
snorlax,pokeball,False
snorlax,pokeball,False
snorlax,pokeball,False
snorlax,pokeball,True
snorlax,pokeball,False
snorlax,pokeball,False
snorlax,pokeball,False
snorlax,pokeball,False
snorlax,pokeball,False
snorlax,pokeball,False
snorlax,pokeball,False
snorlax,pokeball,False
snorlax,pokeball,False
snorlax,pokeball,False
snorlax,pokeball,False
snorlax,pokeball,False
snorlax,pokeball,False
snorlax,pokeball,False
snorlax,pokeball,False
snorlax,pokeball,False
snorlax,pokeball,False
snorlax,pokeball,False
snorlax,pokeball,False
snorlax,pokeball,False
snorlax,pokeball,False
snorlax,pokeball,False
snorlax,pokeball,False
snorlax,pokeball,False
snorlax,pokeball,False
snorlax,pokeball,False
snorlax,pokeball,True
snorlax,pokeball,False
snorlax,pokeball,False
snorlax,pokeball,False
snorlax,pokeball,False
snorlax,pokeball,False
snorlax,pokeball,False
snorlax,pokeball,False
snorlax,pokeball,False
snorlax,pokeball,False
snorlax,pokeball,False
snorlax,pokeball,False
snorlax,pokeball,False
snorlax,pokeball,False
snorlax,pokeball,False
snorlax,pokeball,False
snorlax,pokeball,False
snorlax,pokeball,False
snorlax,pokeball,False
snorlax,pokeball,False
snorlax,pokeball,False
snorlax,pokeball,False
snorlax,pokeball,True
snorlax,pokeball,False
snorlax,pokeball,False
snorlax,pokeball,False
snorlax,pokeball,False
snorlax,pokeball,False
snorlax,pokeball,False
snorlax,pokeball,False
snorlax,pokeball,False
snorlax,pokeball,False
snorlax,pokeball,False
snorlax,pokeball,False
snorlax,pokeball,False
snorlax,pokeball,False
snorlax,pokeball,False
snorlax,pokeball,False
snorlax,ultraball,False
snorlax,ultraball,False
snorlax,ultraball,False
snorlax,ultraball,False
snorlax,ultraball,False
snorlax,ultraball,False
snorlax,ultraball,False
snorlax,ultraball,False
snorlax,ultraball,False
snorlax,ultraball,False
snorlax,ultraball,False
snorlax,ultraball,False
snorlax,ultraball,False
snorlax,ultraball,False
snorlax,ultraball,False
snorlax,ultraball,False
snorlax,ultraball,False
snorlax,ultraball,False
snorlax,ultraball,False
snorlax,ultraball,False
snorlax,ultraball,False
snorlax,ultraball,False
snorlax,ultraball,False
snorlax,ultraball,False
snorlax,ultraball,True
snorlax,ultraball,False
snorlax,ultraball,False
snorlax,ultraball,False
snorlax,ultraball,True
snorlax,ultraball,False
snorlax,ultraball,False
snorlax,ultraball,False
snorlax,ultraball,False
snorlax,ultraball,False
snorlax,ultraball,True
snorlax,ultraball,False
snorlax,ultraball,False
snorlax,ultraball,False
snorlax,ultraball,False
snorlax,ultraball,False
snorlax,ultraball,False
snorlax,ultraball,False
snorlax,ultraball,False
snorlax,ultraball,False
snorlax,ultraball,False
snorlax,ultraball,False
snorlax,ultraball,False
snorlax,ultraball,True
snorlax,ultraball,False
snorlax,ultraball,False
snorlax,ultraball,False
snorlax,ultraball,False
snorlax,ultraball,False
snorlax,ultraball,False
snorlax,ultraball,False
snorlax,ultraball,False
snorlax,ultraball,False
snorlax,ultraball,False
snorlax,ultraball,False
snorlax,ultraball,False
snorlax,ultraball,False
snorlax,ultraball,True
snorlax,ultraball,False
snorlax,ultraball,False
snorlax,ultraball,False
snorlax,ultraball,True
snorlax,ultraball,False
snorlax,ultraball,False
snorlax,ultraball,False
snorlax,ultraball,False
snorlax,ultraball,False
snorlax,ultraball,False
snorlax,ultraball,False
snorlax,ultraball,False
snorlax,ultraball,False
snorlax,ultraball,False
snorlax,ultraball,False
snorlax,ultraball,False
snorlax,ultraball,False
snorlax,ultraball,False
snorlax,ultraball,False
snorlax,ultraball,False
snorlax,ultraball,False
snorlax,ultraball,False
snorlax,ultraball,False
snorlax,ultraball,False
snorlax,ultraball,False
snorlax,ultraball,False
snorlax,ultraball,False
snorlax,ultraball,False
snorlax,ultraball,False
snorlax,ultraball,False
snorlax,ultraball,False
snorlax,ultraball,False
snorlax,ultraball,False
snorlax,ultraball,False
snorlax,ultraball,False
snorlax,ultraball,False
snorlax,ultraball,False
snorlax,ultraball,False
snorlax,fastball,False
snorlax,fastball,False
snorlax,fastball,False
snorlax,fastball,False
snorlax,fastball,False
snorlax,fastball,True
snorlax,fastball,True
snorlax,fastball,False
snorlax,fastball,False
snorlax,fastball,False
snorlax,fastball,False
snorlax,fastball,False
snorlax,fastball,True
snorlax,fastball,False
snorlax,fastball,False
snorlax,fastball,False
snorlax,fastball,False
snorlax,fastball,False
snorlax,fastball,False
snorlax,fastball,False
snorlax,fastball,False
snorlax,fastball,False
snorlax,fastball,False
snorlax,fastball,False
snorlax,fastball,False
snorlax,fastball,False
snorlax,fastball,False
snorlax,fastball,True
snorlax,fastball,False
snorlax,fastball,False
snorlax,fastball,False
snorlax,fastball,False
snorlax,fastball,False
snorlax,fastball,False
snorlax,fastball,False
snorlax,fastball,False
snorlax,fastball,False
snorlax,fastball,False
snorlax,fastball,False
snorlax,fastball,False
snorlax,fastball,False
snorlax,fastball,False
snorlax,fastball,False
snorlax,fastball,False
snorlax,fastball,False
snorlax,fastball,False
snorlax,fastball,False
snorlax,fastball,False
snorlax,fastball,False
snorlax,fastball,False
snorlax,fastball,False
snorlax,fastball,False
snorlax,fastball,False
snorlax,fastball,False
snorlax,fastball,False
snorlax,fastball,False
snorlax,fastball,False
snorlax,fastball,False
snorlax,fastball,False
snorlax,fastball,False
snorlax,fastball,False
snorlax,fastball,False
snorlax,fastball,False
snorlax,fastball,True
snorlax,fastball,False
snorlax,fastball,False
snorlax,fastball,False
snorlax,fastball,False
snorlax,fastball,False
snorlax,fastball,False
snorlax,fastball,False
snorlax,fastball,False
snorlax,fastball,False
snorlax,fastball,False
snorlax,fastball,False
snorlax,fastball,False
snorlax,fastball,False
snorlax,fastball,False
snorlax,fastball,False
snorlax,fastball,False
snorlax,fastball,False
snorlax,fastball,False
snorlax,fastball,False
snorlax,fastball,False
snorlax,fastball,False
snorlax,fastball,False
snorlax,fastball,False
snorlax,fastball,False
snorlax,fastball,False
snorlax,fastball,False
snorlax,fastball,False
snorlax,fastball,False
snorlax,fastball,False
snorlax,fastball,False
snorlax,fastball,False
snorlax,fastball,False
snorlax,fastball,False
snorlax,fastball,False
snorlax,fastball,False
snorlax,fastball,False
snorlax,heavyball,False
snorlax,heavyball,False
snorlax,heavyball,False
snorlax,heavyball,False
snorlax,heavyball,False
snorlax,heavyball,False
snorlax,heavyball,False
snorlax,heavyball,False
snorlax,heavyball,False
snorlax,heavyball,False
snorlax,heavyball,False
snorlax,heavyball,False
snorlax,heavyball,False
snorlax,heavyball,False
snorlax,heavyball,False
snorlax,heavyball,False
snorlax,heavyball,False
snorlax,heavyball,False
snorlax,heavyball,False
snorlax,heavyball,False
snorlax,heavyball,False
snorlax,heavyball,False
snorlax,heavyball,False
snorlax,heavyball,True
snorlax,heavyball,True
snorlax,heavyball,False
snorlax,heavyball,False
snorlax,heavyball,True
snorlax,heavyball,True
snorlax,heavyball,False
snorlax,heavyball,False
snorlax,heavyball,False
snorlax,heavyball,False
snorlax,heavyball,False
snorlax,heavyball,False
snorlax,heavyball,False
snorlax,heavyball,False
snorlax,heavyball,False
snorlax,heavyball,False
snorlax,heavyball,False
snorlax,heavyball,True
snorlax,heavyball,False
snorlax,heavyball,False
snorlax,heavyball,False
snorlax,heavyball,False
snorlax,heavyball,False
snorlax,heavyball,False
snorlax,heavyball,False
snorlax,heavyball,False
snorlax,heavyball,False
snorlax,heavyball,False
snorlax,heavyball,False
snorlax,heavyball,False
snorlax,heavyball,False
snorlax,heavyball,False
snorlax,heavyball,False
snorlax,heavyball,False
snorlax,heavyball,False
snorlax,heavyball,False
snorlax,heavyball,True
snorlax,heavyball,False
snorlax,heavyball,True
snorlax,heavyball,False
snorlax,heavyball,False
snorlax,heavyball,True
snorlax,heavyball,False
snorlax,heavyball,False
snorlax,heavyball,False
snorlax,heavyball,False
snorlax,heavyball,False
snorlax,heavyball,False
snorlax,heavyball,False
snorlax,heavyball,False
snorlax,heavyball,False
snorlax,heavyball,True
snorlax,heavyball,False
snorlax,heavyball,False
snorlax,heavyball,False
snorlax,heavyball,False
snorlax,heavyball,True
snorlax,heavyball,False
snorlax,heavyball,False
snorlax,heavyball,False
snorlax,heavyball,False
snorlax,heavyball,False
snorlax,heavyball,False
snorlax,heavyball,False
snorlax,heavyball,False
snorlax,heavyball,False
snorlax,heavyball,False
snorlax,heavyball,False
snorlax,heavyball,False
snorlax,heavyball,False
snorlax,heavyball,False
snorlax,heavyball,False
snorlax,heavyball,False
snorlax,heavyball,False
snorlax,heavyball,False
snorlax,heavyball,True
snorlax,heavyball,False
onix,pokeball,False
onix,pokeball,False
onix,pokeball,False
onix,pokeball,False
onix,pokeball,False
onix,pokeball,False
onix,pokeball,False
onix,pokeball,False
onix,pokeball,False
onix,pokeball,False
onix,pokeball,False
onix,pokeball,False
onix,pokeball,False
onix,pokeball,False
onix,pokeball,False
onix,pokeball,False
onix,pokeball,False
onix,pokeball,False
onix,pokeball,False
onix,pokeball,False
onix,pokeball,False
onix,pokeball,False
onix,pokeball,False
onix,pokeball,False
onix,pokeball,False
onix,pokeball,False
onix,pokeball,False
onix,pokeball,False
onix,pokeball,False
onix,pokeball,False
onix,pokeball,False
onix,pokeball,False
onix,pokeball,False
onix,pokeball,False
onix,pokeball,False
onix,pokeball,False
onix,pokeball,False
onix,pokeball,False
onix,pokeball,False
onix,pokeball,False
onix,pokeball,False
onix,pokeball,False
onix,pokeball,False
onix,pokeball,False
onix,pokeball,False
onix,pokeball,False
onix,pokeball,False
onix,pokeball,False
onix,pokeball,False
onix,pokeball,False
onix,pokeball,False
onix,pokeball,False
onix,pokeball,False
onix,pokeball,False
onix,pokeball,False
onix,pokeball,False
onix,pokeball,False
onix,pokeball,False
onix,pokeball,False
onix,pokeball,False
onix,pokeball,False
onix,pokeball,False
onix,pokeball,False
onix,pokeball,False
onix,pokeball,False
onix,pokeball,False
onix,pokeball,False
onix,pokeball,False
onix,pokeball,False
onix,pokeball,False
onix,pokeball,False
onix,pokeball,False
onix,pokeball,False
onix,pokeball,False
onix,pokeball,False
onix,pokeball,False
onix,pokeball,False
onix,pokeball,False
onix,pokeball,False
onix,pokeball,False
onix,pokeball,False
onix,pokeball,False
onix,pokeball,False
onix,pokeball,False
onix,pokeball,False
onix,pokeball,False
onix,pokeball,False
onix,pokeball,False
onix,pokeball,False
onix,pokeball,True
onix,pokeball,False
onix,pokeball,True
onix,pokeball,False
onix,pokeball,False
onix,pokeball,False
onix,pokeball,False
onix,pokeball,False
onix,pokeball,False
onix,pokeball,False
onix,pokeball,False
onix,ultraball,False
onix,ultraball,False
onix,ultraball,False
onix,ultraball,False
onix,ultraball,False
onix,ultraball,False
onix,ultraball,False
onix,ultraball,True
onix,ultraball,False
onix,ultraball,False
onix,ultraball,False
onix,ultraball,False
onix,ultraball,False
onix,ultraball,False
onix,ultraball,False
onix,ultraball,False
onix,ultraball,False
onix,ultraball,False
onix,ultraball,True
onix,ultraball,False
onix,ultraball,False
onix,ultraball,False
onix,ultraball,False
onix,ultraball,False
onix,ultraball,False
onix,ultraball,False
onix,ultraball,True
onix,ultraball,False
onix,ultraball,False
onix,ultraball,False
onix,ultraball,False
onix,ultraball,False
onix,ultraball,False
onix,ultraball,True
onix,ultraball,False
onix,ultraball,False
onix,ultraball,False
onix,ultraball,False
onix,ultraball,False
onix,ultraball,False
onix,ultraball,True
onix,ultraball,False
onix,ultraball,False
onix,ultraball,False
onix,ultraball,False
onix,ultraball,False
onix,ultraball,True
onix,ultraball,False
onix,ultraball,False
onix,ultraball,False
onix,ultraball,False
onix,ultraball,False
onix,ultraball,False
onix,ultraball,False
onix,ultraball,False
onix,ultraball,False
onix,ultraball,False
onix,ultraball,False
onix,ultraball,False
onix,ultraball,False
onix,ultraball,False
onix,ultraball,False
onix,ultraball,False
onix,ultraball,False
onix,ultraball,False
onix,ultraball,True
onix,ultraball,False
onix,ultraball,True
onix,ultraball,False
onix,ultraball,False
onix,ultraball,False
onix,ultraball,False
onix,ultraball,False
onix,ultraball,False
onix,ultraball,True
onix,ultraball,False
onix,ultraball,False
onix,ultraball,False
onix,ultraball,False
onix,ultraball,False
onix,ultraball,False
onix,ultraball,True
onix,ultraball,False
onix,ultraball,False
onix,ultraball,False
onix,ultraball,False
onix,ultraball,False
onix,ultraball,False
onix,ultraball,False
onix,ultraball,False
onix,ultraball,False
onix,ultraball,False
onix,ultraball,False
onix,ultraball,False
onix,ultraball,False
onix,ultraball,False
onix,ultraball,False
onix,ultraball,False
onix,ultraball,False
onix,ultraball,True
onix,fastball,False
onix,fastball,False
onix,fastball,False
onix,fastball,False
onix,fastball,False
onix,fastball,False
onix,fastball,False
onix,fastball,False
onix,fastball,False
onix,fastball,False
onix,fastball,False
onix,fastball,False
onix,fastball,False
onix,fastball,False
onix,fastball,False
onix,fastball,False
onix,fastball,False
onix,fastball,False
onix,fastball,False
onix,fastball,False
onix,fastball,False
onix,fastball,False
onix,fastball,False
onix,fastball,False
onix,fastball,False
onix,fastball,False
onix,fastball,False
onix,fastball,False
onix,fastball,False
onix,fastball,False
onix,fastball,False
onix,fastball,False
onix,fastball,False
onix,fastball,True
onix,fastball,False
onix,fastball,False
onix,fastball,False
onix,fastball,False
onix,fastball,False
onix,fastball,False
onix,fastball,False
onix,fastball,False
onix,fastball,False
onix,fastball,False
onix,fastball,False
onix,fastball,False
onix,fastball,False
onix,fastball,False
onix,fastball,False
onix,fastball,False
onix,fastball,False
onix,fastball,False
onix,fastball,False
onix,fastball,False
onix,fastball,False
onix,fastball,False
onix,fastball,False
onix,fastball,False
onix,fastball,False
onix,fastball,False
onix,fastball,False
onix,fastball,False
onix,fastball,False
onix,fastball,False
onix,fastball,False
onix,fastball,False
onix,fastball,False
onix,fastball,False
onix,fastball,False
onix,fastball,False
onix,fastball,False
onix,fastball,False
onix,fastball,False
onix,fastball,False
onix,fastball,False
onix,fastball,False
onix,fastball,False
onix,fastball,False
onix,fastball,False
onix,fastball,False
onix,fastball,False
onix,fastball,False
onix,fastball,True
onix,fastball,False
onix,fastball,False
onix,fastball,False
onix,fastball,False
onix,fastball,False
onix,fastball,False
onix,fastball,False
onix,fastball,False
onix,fastball,False
onix,fastball,False
onix,fastball,False
onix,fastball,False
onix,fastball,False
onix,fastball,False
onix,fastball,False
onix,fastball,False
onix,fastball,True
onix,heavyball,False
onix,heavyball,False
onix,heavyball,False
onix,heavyball,False
onix,heavyball,False
onix,heavyball,False
onix,heavyball,False
onix,heavyball,False
onix,heavyball,False
onix,heavyball,False
onix,heavyball,False
onix,heavyball,False
onix,heavyball,False
onix,heavyball,False
onix,heavyball,False
onix,heavyball,False
onix,heavyball,False
onix,heavyball,False
onix,heavyball,False
onix,heavyball,False
onix,heavyball,False
onix,heavyball,False
onix,heavyball,False
onix,heavyball,False
onix,heavyball,True
onix,heavyball,False
onix,heavyball,False
onix,heavyball,True
onix,heavyball,False
onix,heavyball,False
onix,heavyball,False
onix,heavyball,False
onix,heavyball,False
onix,heavyball,False
onix,heavyball,False
onix,heavyball,False
onix,heavyball,False
onix,heavyball,False
onix,heavyball,False
onix,heavyball,False
onix,heavyball,False
onix,heavyball,False
onix,heavyball,False
onix,heavyball,False
onix,heavyball,False
onix,heavyball,True
onix,heavyball,False
onix,heavyball,False
onix,heavyball,False
onix,heavyball,False
onix,heavyball,False
onix,heavyball,True
onix,heavyball,False
onix,heavyball,False
onix,heavyball,False
onix,heavyball,False
onix,heavyball,False
onix,heavyball,False
onix,heavyball,False
onix,heavyball,False
onix,heavyball,False
onix,heavyball,False
onix,heavyball,False
onix,heavyball,False
onix,heavyball,False
onix,heavyball,False
onix,heavyball,False
onix,heavyball,False
onix,heavyball,False
onix,heavyball,False
onix,heavyball,False
onix,heavyball,False
onix,heavyball,False
onix,heavyball,False
onix,heavyball,False
onix,heavyball,False
onix,heavyball,True
onix,heavyball,False
onix,heavyball,False
onix,heavyball,False
onix,heavyball,False
onix,heavyball,False
onix,heavyball,False
onix,heavyball,False
onix,heavyball,False
onix,heavyball,False
onix,heavyball,False
onix,heavyball,False
onix,heavyball,False
onix,heavyball,False
onix,heavyball,False
onix,heavyball,False
onix,heavyball,False
onix,heavyball,False
onix,heavyball,False
onix,heavyball,False
onix,heavyball,False
onix,heavyball,False
onix,heavyball,False
onix,heavyball,False
mewtwo,pokeball,False
mewtwo,pokeball,False
mewtwo,pokeball,False
mewtwo,pokeball,False
mewtwo,pokeball,False
mewtwo,pokeball,False
mewtwo,pokeball,False
mewtwo,pokeball,False
mewtwo,pokeball,False
mewtwo,pokeball,False
mewtwo,pokeball,False
mewtwo,pokeball,False
mewtwo,pokeball,False
mewtwo,pokeball,False
mewtwo,pokeball,False
mewtwo,pokeball,False
mewtwo,pokeball,False
mewtwo,pokeball,False
mewtwo,pokeball,False
mewtwo,pokeball,False
mewtwo,pokeball,False
mewtwo,pokeball,False
mewtwo,pokeball,False
mewtwo,pokeball,False
mewtwo,pokeball,False
mewtwo,pokeball,False
mewtwo,pokeball,False
mewtwo,pokeball,False
mewtwo,pokeball,False
mewtwo,pokeball,False
mewtwo,pokeball,False
mewtwo,pokeball,False
mewtwo,pokeball,False
mewtwo,pokeball,False
mewtwo,pokeball,False
mewtwo,pokeball,False
mewtwo,pokeball,False
mewtwo,pokeball,False
mewtwo,pokeball,False
mewtwo,pokeball,False
mewtwo,pokeball,False
mewtwo,pokeball,False
mewtwo,pokeball,False
mewtwo,pokeball,False
mewtwo,pokeball,False
mewtwo,pokeball,False
mewtwo,pokeball,False
mewtwo,pokeball,False
mewtwo,pokeball,False
mewtwo,pokeball,False
mewtwo,pokeball,False
mewtwo,pokeball,False
mewtwo,pokeball,False
mewtwo,pokeball,False
mewtwo,pokeball,False
mewtwo,pokeball,False
mewtwo,pokeball,False
mewtwo,pokeball,False
mewtwo,pokeball,False
mewtwo,pokeball,False
mewtwo,pokeball,False
mewtwo,pokeball,False
mewtwo,pokeball,False
mewtwo,pokeball,False
mewtwo,pokeball,False
mewtwo,pokeball,False
mewtwo,pokeball,False
mewtwo,pokeball,False
mewtwo,pokeball,False
mewtwo,pokeball,False
mewtwo,pokeball,False
mewtwo,pokeball,False
mewtwo,pokeball,False
mewtwo,pokeball,False
mewtwo,pokeball,False
mewtwo,pokeball,False
mewtwo,pokeball,False
mewtwo,pokeball,False
mewtwo,pokeball,False
mewtwo,pokeball,False
mewtwo,pokeball,False
mewtwo,pokeball,False
mewtwo,pokeball,False
mewtwo,pokeball,False
mewtwo,pokeball,False
mewtwo,pokeball,False
mewtwo,pokeball,False
mewtwo,pokeball,False
mewtwo,pokeball,False
mewtwo,pokeball,False
mewtwo,pokeball,False
mewtwo,pokeball,False
mewtwo,pokeball,False
mewtwo,pokeball,False
mewtwo,pokeball,False
mewtwo,pokeball,False
mewtwo,pokeball,False
mewtwo,pokeball,False
mewtwo,pokeball,False
mewtwo,pokeball,False
mewtwo,ultraball,False
mewtwo,ultraball,False
mewtwo,ultraball,False
mewtwo,ultraball,False
mewtwo,ultraball,False
mewtwo,ultraball,False
mewtwo,ultraball,False
mewtwo,ultraball,False
mewtwo,ultraball,False
mewtwo,ultraball,False
mewtwo,ultraball,False
mewtwo,ultraball,False
mewtwo,ultraball,False
mewtwo,ultraball,False
mewtwo,ultraball,False
mewtwo,ultraball,False
mewtwo,ultraball,False
mewtwo,ultraball,False
mewtwo,ultraball,False
mewtwo,ultraball,False
mewtwo,ultraball,False
mewtwo,ultraball,False
mewtwo,ultraball,False
mewtwo,ultraball,False
mewtwo,ultraball,False
mewtwo,ultraball,False
mewtwo,ultraball,False
mewtwo,ultraball,False
mewtwo,ultraball,False
mewtwo,ultraball,False
mewtwo,ultraball,False
mewtwo,ultraball,False
mewtwo,ultraball,False
mewtwo,ultraball,False
mewtwo,ultraball,False
mewtwo,ultraball,False
mewtwo,ultraball,False
mewtwo,ultraball,False
mewtwo,ultraball,False
mewtwo,ultraball,False
mewtwo,ultraball,False
mewtwo,ultraball,False
mewtwo,ultraball,False
mewtwo,ultraball,False
mewtwo,ultraball,False
mewtwo,ultraball,False
mewtwo,ultraball,False
mewtwo,ultraball,False
mewtwo,ultraball,False
mewtwo,ultraball,True
mewtwo,ultraball,False
mewtwo,ultraball,False
mewtwo,ultraball,False
mewtwo,ultraball,False
mewtwo,ultraball,False
mewtwo,ultraball,False
mewtwo,ultraball,False
mewtwo,ultraball,False
mewtwo,ultraball,False
mewtwo,ultraball,False
mewtwo,ultraball,False
mewtwo,ultraball,False
mewtwo,ultraball,False
mewtwo,ultraball,False
mewtwo,ultraball,False
mewtwo,ultraball,False
mewtwo,ultraball,True
mewtwo,ultraball,False
mewtwo,ultraball,False
mewtwo,ultraball,False
mewtwo,ultraball,False
mewtwo,ultraball,False
mewtwo,ultraball,False
mewtwo,ultraball,False
mewtwo,ultraball,False
mewtwo,ultraball,False
mewtwo,ultraball,False
mewtwo,ultraball,False
mewtwo,ultraball,False
mewtwo,ultraball,False
mewtwo,ultraball,False
mewtwo,ultraball,True
mewtwo,ultraball,False
mewtwo,ultraball,False
mewtwo,ultraball,False
mewtwo,ultraball,False
mewtwo,ultraball,False
mewtwo,ultraball,False
mewtwo,ultraball,False
mewtwo,ultraball,False
mewtwo,ultraball,False
mewtwo,ultraball,False
mewtwo,ultraball,False
mewtwo,ultraball,False
mewtwo,ultraball,False
mewtwo,ultraball,False
mewtwo,ultraball,False
mewtwo,ultraball,False
mewtwo,ultraball,False
mewtwo,ultraball,False
mewtwo,fastball,False
mewtwo,fastball,False
mewtwo,fastball,False
mewtwo,fastball,False
mewtwo,fastball,False
mewtwo,fastball,False
mewtwo,fastball,False
mewtwo,fastball,False
mewtwo,fastball,False
mewtwo,fastball,False
mewtwo,fastball,False
mewtwo,fastball,False
mewtwo,fastball,False
mewtwo,fastball,False
mewtwo,fastball,False
mewtwo,fastball,False
mewtwo,fastball,False
mewtwo,fastball,False
mewtwo,fastball,False
mewtwo,fastball,False
mewtwo,fastball,False
mewtwo,fastball,False
mewtwo,fastball,False
mewtwo,fastball,False
mewtwo,fastball,False
mewtwo,fastball,False
mewtwo,fastball,False
mewtwo,fastball,False
mewtwo,fastball,False
mewtwo,fastball,False
mewtwo,fastball,False
mewtwo,fastball,False
mewtwo,fastball,True
mewtwo,fastball,False
mewtwo,fastball,False
mewtwo,fastball,False
mewtwo,fastball,False
mewtwo,fastball,False
mewtwo,fastball,False
mewtwo,fastball,False
mewtwo,fastball,False
mewtwo,fastball,False
mewtwo,fastball,False
mewtwo,fastball,False
mewtwo,fastball,False
mewtwo,fastball,False
mewtwo,fastball,False
mewtwo,fastball,False
mewtwo,fastball,False
mewtwo,fastball,False
mewtwo,fastball,False
mewtwo,fastball,False
mewtwo,fastball,False
mewtwo,fastball,False
mewtwo,fastball,False
mewtwo,fastball,False
mewtwo,fastball,False
mewtwo,fastball,False
mewtwo,fastball,False
mewtwo,fastball,False
mewtwo,fastball,False
mewtwo,fastball,False
mewtwo,fastball,False
mewtwo,fastball,False
mewtwo,fastball,False
mewtwo,fastball,False
mewtwo,fastball,False
mewtwo,fastball,False
mewtwo,fastball,False
mewtwo,fastball,False
mewtwo,fastball,False
mewtwo,fastball,False
mewtwo,fastball,False
mewtwo,fastball,False
mewtwo,fastball,False
mewtwo,fastball,False
mewtwo,fastball,False
mewtwo,fastball,False
mewtwo,fastball,False
mewtwo,fastball,False
mewtwo,fastball,False
mewtwo,fastball,False
mewtwo,fastball,False
mewtwo,fastball,False
mewtwo,fastball,False
mewtwo,fastball,False
mewtwo,fastball,False
mewtwo,fastball,False
mewtwo,fastball,False
mewtwo,fastball,False
mewtwo,fastball,False
mewtwo,fastball,False
mewtwo,fastball,False
mewtwo,fastball,True
mewtwo,fastball,False
mewtwo,fastball,False
mewtwo,fastball,False
mewtwo,fastball,False
mewtwo,fastball,False
mewtwo,fastball,False
mewtwo,heavyball,False
mewtwo,heavyball,False
mewtwo,heavyball,False
mewtwo,heavyball,False
mewtwo,heavyball,False
mewtwo,heavyball,False
mewtwo,heavyball,False
mewtwo,heavyball,False
mewtwo,heavyball,False
mewtwo,heavyball,False
mewtwo,heavyball,False
mewtwo,heavyball,False
mewtwo,heavyball,False
mewtwo,heavyball,False
mewtwo,heavyball,False
mewtwo,heavyball,False
mewtwo,heavyball,False
mewtwo,heavyball,False
mewtwo,heavyball,False
mewtwo,heavyball,False
mewtwo,heavyball,False
mewtwo,heavyball,False
mewtwo,heavyball,False
mewtwo,heavyball,False
mewtwo,heavyball,False
mewtwo,heavyball,False
mewtwo,heavyball,False
mewtwo,heavyball,False
mewtwo,heavyball,False
mewtwo,heavyball,False
mewtwo,heavyball,False
mewtwo,heavyball,False
mewtwo,heavyball,False
mewtwo,heavyball,False
mewtwo,heavyball,False
mewtwo,heavyball,False
mewtwo,heavyball,False
mewtwo,heavyball,False
mewtwo,heavyball,False
mewtwo,heavyball,False
mewtwo,heavyball,False
mewtwo,heavyball,False
mewtwo,heavyball,False
mewtwo,heavyball,False
mewtwo,heavyball,False
mewtwo,heavyball,False
mewtwo,heavyball,False
mewtwo,heavyball,False
mewtwo,heavyball,False
mewtwo,heavyball,False
mewtwo,heavyball,False
mewtwo,heavyball,False
mewtwo,heavyball,False
mewtwo,heavyball,False
mewtwo,heavyball,False
mewtwo,heavyball,False
mewtwo,heavyball,False
mewtwo,heavyball,False
mewtwo,heavyball,False
mewtwo,heavyball,False
mewtwo,heavyball,False
mewtwo,heavyball,False
mewtwo,heavyball,False
mewtwo,heavyball,False
mewtwo,heavyball,False
mewtwo,heavyball,False
mewtwo,heavyball,False
mewtwo,heavyball,False
mewtwo,heavyball,False
mewtwo,heavyball,False
mewtwo,heavyball,False
mewtwo,heavyball,False
mewtwo,heavyball,False
mewtwo,heavyball,False
mewtwo,heavyball,False
mewtwo,heavyball,False
mewtwo,heavyball,False
mewtwo,heavyball,False
mewtwo,heavyball,False
mewtwo,heavyball,False
mewtwo,heavyball,False
mewtwo,heavyball,False
mewtwo,heavyball,False
mewtwo,heavyball,False
mewtwo,heavyball,False
mewtwo,heavyball,False
mewtwo,heavyball,False
mewtwo,heavyball,False
mewtwo,heavyball,False
mewtwo,heavyball,False
mewtwo,heavyball,False
mewtwo,heavyball,False
mewtwo,heavyball,False
mewtwo,heavyball,False
mewtwo,heavyball,False
mewtwo,heavyball,False
mewtwo,heavyball,False
mewtwo,heavyball,False
mewtwo,heavyball,False
mewtwo,heavyball,False
